First Name,Last Name,Mailing Address,Mailing City,Mailing State,Mailing Zip Code,Property Address,Property City,Property State,Property Zip Code
,,,,,, 6802 Utsa Blvd,,,
,,,,,,3142 W Laurel St              ,,,
,,,,,,1014 S Brownleaf Dr           ,,,
,,,,,,12101 Dewitt Ave              ,,,
,,,,,,409 Frio City Rd              ,,,
,,,,,,1242 Avant Ave                ,,,
,,,,,,136 Chevy Chase Dr            ,,,
,,,,,,10814 Hillsdale Loop          ,,,
,,,,,,134 Topeka Blvd               ,,,
,,,,,,3130 CULEBRA RD               ,,,
,,,,,,1710 Donerail                 ,,,
,,,,,,3012 Morning Trl              ,,,
,,,,,,12326 Abbey Park              ,,,
,,,,,,615 Augusta                   ,,,
,,,,,,269 Utopia Ln                 ,,,
,,,,,,15038 Stonetower Dr           ,,,
,,,,,,6802 Utsa Blvd                ,,,
,,,,,,4318 Moana Dr                 ,,,
,,,,,,5435 Hillburn Dr              ,,,
,,,,,,523 GILBERT LN                ,,,
,,,,,,1508 W Ridgewood Ct           ,,,
,,,,,,5334 Gwenda Lea               ,,,
,,,,,,3316 Oakwell Ct               ,,,
,,,,,,610 EMMETT AVE                ,,,
,,,,,,1706 San Rafael St            ,,,
,,,,,,235 Carle Ave                 ,,,
,,,,,,9723 Quiet Lake               ,,,
,,,,,,155 ROSLYN AVE                ,,,
,,,,,,8643 Quail Whisper            ,,,
,,,,,,9707 Lockberry Ln             ,,,
,,,,,,1938 W Magnolia Ave           ,,,
,,,,,,1257 SALTILLO ST              ,,,
,,,,,,321 Hammond Ave               ,,,
,,,,,,1082 Rayburn Dr               ,,,
,,,,,,15877 Redwoods Manor          ,,,
,,,,,,7005 SNOW FLAKE DR            ,,,
,,,,,,516 Barrett Ave               ,,,
,,,,,,3542 Eagle Crk                ,,,
,,,,,,1202 Marseilles Dr            ,,,
,,,,,,228 Rex St                    ,,,
,,,,,,23826 Stately Oaks            ,,,
,,,,,,304 E HART AVE                ,,,
,,,,,,4538 Darien Vista             ,,,
,,,,,,806 Harriman Place            ,,,
,,,,,,7402 Robin Rest Dr            ,,,
,,,,,,1915 Fort Donelson            ,,,
,,,,,,12023 Rose Blossom            ,,,
,,,,,,5934 Oak Blossom              ,,,
,,,,,,13802 Chittim Oak Dr          ,,,
,,,,,,2719 Sierra Salinas           ,,,
,,,,,,5003 Casa Oro                 ,,,
,,,,,,119 Nancy Place               ,,,
,,,,,,3331 Lake Tahoe               ,,,
,,,,,,4507 Guadalajara Dr           ,,,
,,,,,,3807 Eldridge Ave             ,,,
,,,,,,3362 Butterleigh Dr           ,,,
,,,,,,5030 GUINEVERE DR             ,,,
,,,,,,2609 W Woodlawn Ave           ,,,
,,,,,,1602 E Houston St             ,,,
,,,,,,218 Myrick Blvd               ,,,
,,,,,,116 Hackley                   ,,,
,,,,,,430 Kathy Dr                  ,,,
,,,,,,12 Bryanston Ct               ,,,
,,,,,,2110 Martin Luther King Dr    ,,,
,,,,,,17007 Turkey Pt               ,,,
,,,,,,334 Joe Blanks St             ,,,
,,,,,,339 Maplewood Ln              ,,,
,,,,,,3514 Oakheath                 ,,,
,,,,,,8651 Waldon Hts               ,,,
,,,,,,208 Upson                     ,,,
,,,,,,1417 Burleson St              ,,,
,,,,,,22630 EAST RANGE              ,,,
,,,,,,510 CAROL CREST               ,,,
,,,,,,502 Mesa Loop                 ,,,
,,,,,,3235 Tree Grove               ,,,
,,,,,,7114 Bart Holw                ,,,
,,,,,,7114 Bart Holw                ,,,
,,,,,,2804 Tampico St               ,,,
,,,,,,229 Saddlebrook Dr            ,,,
,,,,,,1100-1199 Delaware            ,,,
,,,,,,7619 Briston Park Dr          ,,,
,,,,,,9326 Five Forks               ,,,
,,,,,,9231 Silver Hill              ,,,
,,,,,,9231 Silver Hill              ,,,
,,,,,,9540 Dover Rdg                ,,,
,,,,,,512 Carlisle Ave              ,,,
,,,,,,206 Sunglo Dr                 ,,,
,,,,,,Natalen Ave / Milton St       ,,,
,,,,,,1114 Linden Ave               ,,,
,,,,,,206 Nelson Ave                ,,,
,,,,,,5903 Lake Champlain           ,,,
,,,,,,8334 Swift Eagle              ,,,
,,,,,,5107 Sherry                   ,,,
,,,,,,207 Holly St                  ,,,
,,,,,,106 Sublett Dr                ,,,
,,,,,,6746 MIDDLE OAKS DR           ,,,
,,,,,,6023 Ridge Pond               ,,,
,,,,,,24003 CANYON ROW              ,,,
,,,,,,21243 Rio Sabinal             ,,,
,,,,,,424 S Olive St                ,,,
,,,,,,4011 W Salinas                ,,,
,,,,,,2909 Guadalupe St             ,,,
,,,,,,5991 CATALINA SUNRISE DR      ,,,
,,,,,,22 DRAKE AVE                  ,,,
,,,,,,754 Fulton St                 ,,,
,,,,,,123 Carousel                  ,,,
,,,,,,1955 Bandera Rd               ,,,
,,,,,,16602 Boulder Rdg             ,,,
,,,,,,833 Rittiman Rd               ,,,
,,,,,,5107 Sagail Place             ,,,
,,,,,,4911 Orchid Star              ,,,
,,,,,,6210 Berrywest Dr             ,,,
,,,,,,542 Menefee Blvd              ,,,
,,,,,,9615 Dugas Dr                 ,,,
,,,,,,8703 Braun Path               ,,,
,,,,,,4802 Heather Pass             ,,,
,,,,,,7311 Monets Garden            ,,,
,,,,,,305 San Juan                  ,,,
,,,,,,7705 Sandia Blf               ,,,
,,,,,,103 Mc Dougal Ave             ,,,
,,,,,,4 Tournament Green            ,,,
,,,,,,4603 Lorelei                  ,,,
,,,,,,622 Butler Pt                 ,,,
,,,,,,121 Deerwood Dr               ,,,
,,,,,,220 La Clede Ave              ,,,
,,,,,,218 Bocawood                  ,,,
,,,,,,615 Escalon Ave               ,,,
,,,,,,1402 DRURY LN                 ,,,
,,,,,,3631 Weir Ave                 ,,,
,,,,,,319 Surrey Ave                ,,,
,,,,,,228 Beatrice Ave              ,,,
,,,,,,2409 W Mulberry Ave           ,,,
,,,,,,8634 White Star               ,,,
,,,,,,4239 MISTY SPRINGS DR         ,,,
,,,,,,1935 W ASHBY PLACE            ,,,
,,,,,,4022 Sunrise Creek Dr         ,,,
,,,,,,1755 W Kings Hwy              ,,,
,,,,,,1220 RICE RD                  ,,,
,,,,,,1007 Nw 24th St               ,,,
,,,,,,606 W MITCHELL ST             ,,,
,,,,,,6847 FM 1346                  ,,,
,,,,,,455 Laurelwood Dr             ,,,
,,,,,,6131 Pleasant Lake            ,,,
,,,,,,1102 LA MANDA BLVD            ,,,
,,,,,,5830 Moores Crk               ,,,
,,,,,,130 King Roger                ,,,
,,,,,,830 Keats Ave                 ,,,
,,,,,,2929 CHRISTIAN DR             ,,,
,,,,,,9007 Hidden Cv                ,,,
,,,,,,131 Henry St                  ,,,
,,,,,,1308 W Mariposa               ,,,
,,,,,,5626 Spring Moon              ,,,
,,,,,,2714 LAKELOMA                 ,,,
,,,,,,402 N San Horacio             ,,,
,,,,,,130 Idell                     ,,,
,,,,,,1715 Saltillo St              ,,,
,,,,,,342 Goodhue Ave               ,,,
,,,,,,2906 Bee Cave                 ,,,
,,,,,,665 N GENERAL MCMULLEN        ,,,
,,,,,,945 GRANT AVE                 ,,,
,,,,,,2230 Orange Blossom           ,,,
,,,,,,5214 Stormy Skies             ,,,
,,,,,,3006 MARTIN LUTHER KING DR    ,,,
,,,,,,1803 Candlelight              ,,,
,,,,,,2201 N Flores St              ,,,
,,,,,,4123 Family Tree              ,,,
,,,,,,14006 Little Leaf             ,,,
,,,,,,5363 Lock Hill Rd             ,,,
,,,,,,416 PLETZ DR                  ,,,
,,,,,,350 Simon St                  ,,,
,,,,,,5302 Rambowllette Dr          ,,,
,,,,,,2010 Arroya Vista Dr          ,,,
,,,,,,819 Sw 38th St                ,,,
,,,,,,715 Upland Dr                 ,,,
,,,,,,8915 Ridge Holw               ,,,
,,,,,,355 Mink Dr                   ,,,
,,,,,,363 Gayle Ave                 ,,,
,,,,,,1903 Encino Blf               ,,,
,,,,,,1901 S San Marcos             ,,,
,,,,,,3827 Pipers Meadow            ,,,
,,,,,,503 MONTICELLO CT             ,,,
,,,,,,511 S CALAVERAS               ,,,
,,,,,,16414 Spruce Leaf             ,,,
,,,,,,2101 Arbor St                 ,,,
,,,,,,502 W DREXEL AVE              ,,,
,,,,,,734 Sw 38th St                ,,,
,,,,,,510 Hillwood                  ,,,
,,,,,,4620 Trailwood Dr             ,,,
,,,,,,2353 Texas Ave                ,,,
,,,,,,11546 Wood Harbor             ,,,
,,,,,,2426 Ravina Dr                ,,,
,,,,,,7242 Burns Crossing           ,,,
,,,,,,630 Morningview St            ,,,
,,,,,,Pvt St At 12626 Blanco Rd     ,,,
,,,,,,2854 Lakehills                ,,,
,,,,,,330 Cantrell Dr               ,,,
,,,,,,5043 Crusade Dr               ,,,
,,,,,,5139 Baum Rd                  ,,,
,,,,,,9245 Echo Port Dr             ,,,
,,,,,,1739 Santa Rita St            ,,,
,,,,,,139 W Formosa Blvd            ,,,
,,,,,,243 Sussex Ave                ,,,
,,,,,,1308 Flanders Ave             ,,,
,,,,,,1317 FLANDERS AVE             ,,,
,,,,,,3202 Falcon Grove             ,,,
,,,,,,255 Harwood Dr                ,,,
,,,,,,200 Monticello Ct             ,,,
,,,,,,503 Lincolnshire Dr           ,,,
,,,,,,12002 Estable                 ,,,
,,,,,,6550 ELMER BLVD               ,,,
,,,,,,5734 Chestnut Crossing        ,,,
,,,,,,13835 Shavano Downs           ,,,
,,,,,,122 Belden Ave                ,,,
,,,,,,19631 Encino Way              ,,,
,,,,,,4409 Canary Bend              ,,,
,,,,,,6883 Maple Spg                ,,,
,,,,,,5315 Howard St                ,,,
,,,,,,810 Carlisle Ave              ,,,
,,,,,,23710 Jenkins Hill            ,,,
,,,,,,5943 Misty Lake               ,,,
,,,,,,1309 KEATS AVE                ,,,
,,,,,,13726 PLAYER DR               ,,,
,,,,,,323 Hillwood                  ,,,
,,,,,,2530 Fallbrook                ,,,
,,,,,,222 Granada Dr                ,,,
,,,,,,700-751 Hazel St              ,,,
,,,,,,2510 Steves Ave               ,,,
,,,,,,15011 Flaming Crk             ,,,
,,,,,,3216 Perez St                 ,,,
,,,,,,3911 Beech                    ,,,
,,,,,,410 Roslyn Ave                ,,,
,,,,,,222 SHARMAIN PLACE            ,,,
,,,,,,Center St / N Swiss           ,,,
,,,,,,Piedmont Ave / Dakota St      ,,,
,,,,,,2907 Perez St                 ,,,
,,,,,,9507 Gladeview                ,,,
,,,,,,7531 Bluestone                ,,,
,,,,,,5938 Whispering Lake          ,,,
,,,,,,11606 Whisper Dew Dr          ,,,
,,,,,,726 W Vestal Place            ,,,
,,,,,,3000-3099 TAMPICO ST          ,,,
,,,,,,502 Briggs Ave                ,,,
,,,,,,715 GABRIEL                   ,,,
,,,,,,1247 Stonewall Ave            ,,,
,,,,,,21519 La Pena Dr              ,,,
,,,,,,Terron Rd / Roland Ave,,,
,,,,,,Terron Rd / Roland Ave        ,,,
,,,,,,1538 Center St                ,,,
,,,,,,4909 Woodstone                ,,,
,,,,,,803 LARRY ST                  ,,,
,,,,,,7011 Hallie Spirit            ,,,
,,,,,,Ripford St / Mauerman St      ,,,
,,,,,,11218 Four Iron Way           ,,,
,,,,,,6903 Westward Dr              ,,,
,,,,,,3619 COLTER DR                ,,,
,,,,,,5116 Timber Terrace           ,,,
,,,,,,222 Granada Dr                ,,,
,,,,,,1635 E Crockett St            ,,,
,,,,,,1058 W Malone                 ,,,
,,,,,,5710 MUSTER                   ,,,
,,,,,,1335 E Crockett St            ,,,
,,,,,,123 FAIRVIEW AVE              ,,,
,,,,,,315 Forrest Ave               ,,,
,,,,,,8219 Watchtower               ,,,
,,,,,,417 Mercedes St               ,,,
,,,,,,832 Nevada                    ,,,
,,,,,,14731 Hillside Rdg            ,,,
,,,,,,13118 HUNTERS SPG             ,,,
,,,,,,14434 Devout                  ,,,
,,,,,,4743 Casa Bello               ,,,
,,,,,,914 E Dullnig Ct              ,,,
,,,,,,1920 W LAUREL ST              ,,,
,,,,,,279 Covina Ave                ,,,
,,,,,,5423 Gavilan Dr               ,,,
,,,,,,726 John Page Dr              ,,,
,,,,,,4818 Bohill                   ,,,
,,,,,,104 Ross Ave                  ,,,
,,,,,,2810 Aspen Meadow             ,,,
,,,,,,527 Chicago Blvd              ,,,
,,,,,,319 Bailey Ave                ,,,
,,,,,,231 Linda Lou Dr              ,,,
,,,,,,6062 Glacier Sun              ,,,
,,,,,,722 Larry St                  ,,,
,,,,,,1312 GIBBS ST                 ,,,
,,,,,,1139 W FRENCH PLACE           ,,,
,,,,,,210 Coronet Ln                ,,,
,,,,,,1042 Division                 ,,,
,,,,,,544 E Edmonds Ave             ,,,
,,,,,,639 Cantrell Dr               ,,,
,,,,,,N Smith St / W Martin St,,,
,,,,,,1407 Center St                ,,,
,,,,,,1119 Mcilvaine St             ,,,
,,,,,,1138 PASO HONDO ST            ,,,
,,,,,,4915 OAKWAY                   ,,,
,,,,,,5999 Catalina Sunrise Dr      ,,,
,,,,,,4930 Royal Stable             ,,,
,,,,,,305 E Lambert                 ,,,
,,,,,,1413 Crystal                  ,,,
,,,,,,9418 Points Edge              ,,,
,,,,,,1626 S ELMENDORF              ,,,
,,,,,,8711 Eagle Peak               ,,,
,,,,,,16626 DOLENTE RD              ,,,
,,,,,,5422 Merkens Dr               ,,,
,,,,,,2031 W Mayfield Blvd          ,,,
,,,,,,Cincinnati Ave / Emory        ,,,
,,,,,,117 Forcke                    ,,,
,,,,,,3900-3999 Goliad Rd           ,,,
,,,,,,1000 Shadwell                 ,,,
,,,,,,239 Shrine Ave                ,,,
,,,,,,623 J St                      ,,,
,,,,,,850 CAVALIER AVE              ,,,
,,,,,,3511 El Paso St               ,,,
,,,,,,218 Dryden                    ,,,
,,,,,,11715 Pepper Tree             ,,,
,,,,,,331 Holmgreen Rd              ,,,
,,,,,,8510 Barranca Ave             ,,,
,,,,,,6718 Dragon Fire              ,,,
,,,,,,1735 Peck Ave                 ,,,
,,,,,,5455 Copperhead Ln            ,,,
,,,,,,2431 W Summit Ave             ,,,
,,,,,,419 Yukon Blvd                ,,,
,,,,,,2922 BUENA VISTA ST,,,
,,,,,,323 Alexander Hamilton        ,,,
,,,,,,520 Surrey Ave                ,,,
,,,,,,1815 Estonia Cv               ,,,
,,,,,,1607 W MARTIN ST              ,,,
,,,,,,3307 Rock Creek Run           ,,,
,,,,,,4814 Zulema                   ,,,
,,,,,,519 Storeywood                ,,,
,,,,,,4234 W Cesar Chavez Blvd      ,,,
,,,,,,6338 Echo Canyon              ,,,
,,,,,,634 Keats Ave                 ,,,
,,,,,,4430 MERCURY                  ,,,
,,,,,,226 Wellesley Blvd            ,,,
,,,,,,13038 Huntsman Rd             ,,,
,,,,,,606 Larkwood Dr               ,,,
,,,,,,4226 Parkwood                 ,,,
,,,,,,9131 Ozalid Ln                ,,,
,,,,,,7918 Laurel Bend              ,,,
,,,,,,5751 Indian Sky               ,,,
,,,,,,205 Loretta                   ,,,
,,,,,,1547 W GERALD AVE             ,,,
,,,,,,566 Cicero Ave                ,,,
,,,,,,14435 BRIARLEDGE              ,,,
,,,,,,9403 Valley Bend              ,,,
,,,,,,13807 BRIARMEADOW             ,,,
,,,,,,9474 Lands Pt                 ,,,
,,,,,,842 SW 39TH ST                ,,,
,,,,,,1744 W SUMMIT AVE             ,,,
,,,,,,107 LAKESHORE DR              ,,,
,,,,,,617 HUNSTOCK AVE              ,,,
,,,,,,1722 Monterey St              ,,,
,,,,,,5723 Alnwick Dr               ,,,
,,,,,,727 S SAN BERNARDO            ,,,
,,,,,,805 LARRY ST                  ,,,
,,,,,,7815 Shady Hollow Ln          ,,,
,,,,,,2000 E Drexel Ave             ,,,
,,,,,,1959 Nolan St                 ,,,
,,,,,,429 Culebra Rd                ,,,
,,,,,,FREDONIA / S PINE ST          ,,,
,,,,,,11726 Mission Trace           ,,,
,,,,,,5535 SHERRY                   ,,,
,,,,,,5443 Elk Hunter Trl           ,,,
,,,,,,1731 W Mayfield Blvd          ,,,
,,,,,,1251 Chalmers Ave             ,,,
,,,,,,12714 Huntsman View Dr        ,,,
,,,,,,8014 Orchard Bend             ,,,
,,,,,,6410 MARCUM DR                ,,,
,,,,,,W Theo Ave / Nogalitos St     ,,,
,,,,,,5110 Sierra St                ,,,
,,,,,,10343 Tippecanoe              ,,,
,,,,,,3610 Hunters Sound            ,,,
,,,,,,2603 Viejita                  ,,,
,,,,,,138 MERIDA ST                 ,,,
,,,,,,430 BLUEBONNET ST             ,,,
,,,,,,14130 Butler Crk              ,,,
,,,,,,8623 Old Corpus Christi Rd    ,,,
,,,,,,210 COVINA AVE                ,,,
,,,,,,408 W Huisache Ave            ,,,
,,,,,,811 FAWNWAY                   ,,,
,,,,,,5831 GARDENWOOD DR            ,,,
,,,,,,283 E Harding Blvd            ,,,
,,,,,,4753-4899 W Military Dr       ,,,
,,,,,,4223 Wild Oak Dr              ,,,
,,,,,,414 S Sabinas                 ,,,
,,,,,,135 W MALLY BLVD              ,,,
,,,,,,1023 Stonewall Ave            ,,,
,,,,,,6923 Country Rose             ,,,
,,,,,,8400-8499 Old Tezel Rd        ,,,
,,,,,,411 E Edmonds Ave             ,,,
,,,,,,1846 W Mulberry Ave           ,,,
,,,,,,1100-1199 W Russell Place     ,,,
,,,,,,1511 EDWARDS ST               ,,,
,,,,,,4102 Camphor Way              ,,,
,,,,,,700-899 Dunwoodie             ,,,
,,,,,,21711 Rio Colorado            ,,,
,,,,,,1110 W Kings Hwy              ,,,
,,,,,,6758 Tezel Oaks               ,,,
,,,,,,125 Hazel St                  ,,,
,,,,,,13231 LARKBROOK DR            ,,,
,,,,,,135 E VESTAL PLACE            ,,,
,,,,,,118 Sinclair Rd               ,,,
,,,,,,702 W Hollywood Ave           ,,,
,,,,,,531 Ferris Ave                ,,,
,,,,,,1323 Sw 35th St               ,,,
,,,,,,726 Canton St                 ,,,
,,,,,,1635 E Crockett St            ,,,
,,,,,,15319 Fallen Grove            ,,,
,,,,,,1254 Ceralvo St               ,,,
,,,,,,5 REMINGTON RUN               ,,,
,,,,,,567 LIVELY                    ,,,
,,,,,,3507 Bunyan                   ,,,
,,,,,,727 Robinhood Place           ,,,
,,,,,,622 Cumberland Blvd           ,,,
,,,,,,1903 Thompson Place           ,,,
,,,,,,1630 W Rosewood Ave           ,,,
,,,,,,182 Marlena                   ,,,
,,,,,,2918 W Martin St              ,,,
,,,,,,19602 Encino Knoll            ,,,
,,,,,,6622 Arancione Ave            ,,,
,,,,,,331 Boswell St                ,,,
,,,,,,3027 Golden Ave               ,,,
,,,,,,546 Mary St                   ,,,
,,,,,,919 Patricia Dr               ,,,
,,,,,,1114 W Myrtle St              ,,,
,,,,,,2318 ENCINO PT                ,,,
,,,,,,5767 Randolph Blvd            ,,,
,,,,,,19910 Encino Grove            ,,,
,,,,,,4273 SUNRISE CREEK DR         ,,,
,,,,,,100-299 Beatrice Ave          ,,,
,,,,,,703 Brighton Ave              ,,,
,,,,,,700-899 Taft Blvd             ,,,
,,,,,,1717 Burnett St               ,,,
,,,,,,8223 Shooting Quail           ,,,
,,,,,,12855 Tarrytown               ,,,
,,,,,,4908 Lambeth Dr               ,,,
,,,,,,118 F St                      ,,,
,,,,,,1430 Hermine Blvd             ,,,
,,,,,,5355 Calistoga                ,,,
,,,,,,1700 Jackson-keller Rd        ,,,
,,,,,,723 Carolina St               ,,,
,,,,,,59 Donore Sq                  ,,,
,,,,,,4100-4199 Running Crk         ,,,
,,,,,,4206 Quail Mountain           ,,,
,,,,,,7202 Green Oak                ,,,
,,,,,,1329 Dahlgreen Ave            ,,,
,,,,,,301 Sims Ave                  ,,,
,,,,,,8896 MEADOW RANGE             ,,,
,,,,,,9002 Laguna Rio               ,,,
,,,,,,13843 Chevy Oak               ,,,
,,,,,,2342 Dakota St                ,,,
,,,,,,4262 Valleyfield Dr           ,,,
,,,,,,241 Pendleton                 ,,,
,,,,,,514 E Crane Ave               ,,,
,,,,,,6415 Lakefront                ,,,
,,,,,,1242 Flanders Ave             ,,,
,,,,,,10602 Aster Canyon            ,,,
,,,,,,5829 Sun Dance Ln             ,,,
,,,,,,2204 WAVERLY AVE              ,,,
,,,,,,223 Paul St                   ,,,
,,,,,,5203 Sea Mist                 ,,,
,,,,,,9818 Prescott Dr              ,,,
,,,,,,11202 Kemble St               ,,,
,,,,,,12818 Tarrytown               ,,,
,,,,,,5903 CLIFF TRL                ,,,
,,,,,,10307 Belga Dr                ,,,
,,,,,,13307 MAGNOLIA BROOK          ,,,
,,,,,,1710 Deer Run                 ,,,
,,,,,,19315 ALLORA AVE              ,,,
,,,,,,10907 Sangria Mist            ,,,
,,,,,,2827 Redland Trl              ,,,
,,,,,,902 NEVADA                    ,,,
,,,,,,211 Coronet Ln                ,,,
,,,,,,5600-5699 Charwood Dr         ,,,
,,,,,,523 W Villaret Blvd           ,,,
,,,,,,1814 WESTPLAIN                ,,,
,,,,,,10830 INDIGO CRK              ,,,
,,,,,,5103 FLIPPER DR               ,,,
,,,,,,500 Tomar Dr                  ,,,
,,,,,,7327 Twin Falls Dr            ,,,
,,,,,,5818 Sun Dance Ln             ,,,
,,,,,,814 Finale Ct                 ,,,
,,,,,,5903 Cliff Trl                ,,,
,,,,,,6134 Southern Vista           ,,,
,,,,,,1700-1799 W CRAIG PLACE       ,,,
,,,,,,1301 Lombrano St              ,,,
,,,,,,941 Delgado St                ,,,
,,,,,,3919 Starhill Dr              ,,,
,,,,,,1502 Braubach                 ,,,
,,,,,,2909 GUADALUPE ST             ,,,
,,,,,,108 Laza St                   ,,,
,,,,,,19207 Rose Cv                 ,,,
,,,,,,2865 GENERAL HUDNELL DR       ,,,
,,,,,,715 S Olive St                ,,,
,,,,,,110 Emporia Blvd              ,,,
,,,,,,102 W Villaret Blvd           ,,,
,,,,,,7610 Pipers Way               ,,,
,,,,,,6842 Brookfield               ,,,
,,,,,,1234 KAYTON AVE               ,,,
,,,,,,7123 Cypress Grove            ,,,
,,,,,,211 Cox                       ,,,
,,,,,,1410 SW 19TH ST               ,,,
,,,,,,346 Brettonwood Dr            ,,,
,,,,,,233 BURLESON ST               ,,,
,,,,,,3639 Richwood Dr              ,,,
,,,,,,143 Beatrice Ave              ,,,
,,,,,,922 Milvid Ave                ,,,
,,,,,,213 PENDLETON                 ,,,
,,,,,,327 E Crestline               ,,,
,,,,,,100 Ira Lee Rd                ,,,
,,,,,,1326 Elvira St                ,,,
,,,,,,3030 Solitaire Hill           ,,,
,,,,,,5518 Castle Way Dr            ,,,
,,,,,,400 Canton St                 ,,,
,,,,,,4922 Hershey Dr               ,,,
,,,,,,6431 Ingram Rd                ,,,
,,,,,,3800-3899 SW MILITARY DR      ,,,
,,,,,,5050 Crusade Dr               ,,,
,,,,,,807 Dreiss                    ,,,
,,,,,,13719 Earlywood               ,,,
,,,,,,213 Barrett Ave               ,,,
,,,,,,12201 Stoney Crossing         ,,,
,,,,,,914 Vance Jackson Rd          ,,,
,,,,,,2825 E Houston St             ,,,
,,,,,,106 Covina Ave                ,,,
,,,,,,203 Somerset Rd               ,,,
,,,,,,1019 Capitol Ave              ,,,
,,,,,,221 GREENLAWN                 ,,,
,,,,,,6011 Beaver Trl               ,,,
,,,,,,135 Waugh St                  ,,,
,,,,,,733 W Pyron Ave               ,,,
,,,,,,3337 Coral Grove Dr           ,,,
,,,,,,9617 Fountain Bend            ,,,
,,,,,,806 W French Place            ,,,
,,,,,,5822 Gardenwood Dr            ,,,
,,,,,,4611 E Houston St             ,,,
,,,,,,N Zarzamora St / Menchaca St  ,,,
,,,,,,8158 Floating Vw              ,,,
,,,,,,719 Mello Oak                 ,,,
,,,,,,3142 La Rosa St               ,,,
,,,,,,10223 Cedarvale Dr            ,,,
,,,,,,10223 Cedarvale Dr            ,,,
,,,,,,214 Linden Ave                ,,,
,,,,,,2216 S Flores St              ,,,
,,,,,,315 S Trinity St              ,,,
,,,,,,104 Mcaskill Ave              ,,,
,,,,,,6314 Macaw                    ,,,
,,,,,,1260 Kirk Place               ,,,
,,,,,,2500 JACKSON-KELLER RD        ,,,
,,,,,,1203 S Mesquite St            ,,,
,,,,,,4914 Viking Coral             ,,,
,,,,,,2518 EL JARDIN                ,,,
,,,,,,13860 Watson Rd               ,,,
,,,,,,7650 Us Hwy 90 W              ,,,
,,,,,,4726 Emden Holw               ,,,
,,,,,,10411 Tioga Dr                ,,,
,,,,,,7338 Galileo Line             ,,,
,,,,,,715 Cobble Dr                 ,,,
,,,,,,135 Farrel                    ,,,
,,,,,,5954 Sunrise Bend Dr          ,,,
,,,,,,130 Avondale Ave              ,,,
,,,,,,1106 Old Lake                 ,,,
,,,,,,310 GLENBROOK                 ,,,
,,,,,,555 N San Eduardo             ,,,
,,,,,,208 Clutter Ave               ,,,
,,,,,,5822 Gardenwood Dr            ,,,
,,,,,,1710 Rob Roy Ln               ,,,
,,,,,,2422 W COMMERCE ST            ,,,
,,,,,,3862 Bay St                   ,,,
,,,,,,1327 Division                 ,,,
,,,,,,819 Rittiman Rd               ,,,
,,,,,,210 Fridell St                ,,,
,,,,,,3638 Cypress Cape             ,,,
,,,,,,5026 Prince Valiant Dr        ,,,
,,,,,,2910 Lasses                   ,,,
,,,,,,519 Avondale Ave              ,,,
,,,,,,Castroville Rd / Barclay St   ,,,
,,,,,,8358 Dawnwood Dr              ,,,
,,,,,,8246 Valley Trails            ,,,
,,,,,,8014 Misty Breeze             ,,,
,,,,,,1710 Burnet St                ,,,
,,,,,,802 Cravens Ave               ,,,
,,,,,,5239 Eisenhauer Rd            ,,,
,,,,,,526 Demya                     ,,,
,,,,,,1967 Stedwick Dr              ,,,
,,,,,,2626 Country Holw             ,,,
,,,,,,142 Eross St                  ,,,
,,,,,,214 ODIS                      ,,,
,,,,,,210 Culberson Ave             ,,,
,,,,,,11771 Spring Song             ,,,
,,,,,,201 W Lubbock St              ,,,
,,,,,,843 Kirk Place                ,,,
,,,,,,803 Palo Alto Rd              ,,,
,,,,,,7446 Tamburo Trl              ,,,
,,,,,,523 TULANE DR                 ,,,
,,,,,,311 E EUCLID AVE              ,,,
,,,,,,4723 EMDEN HOLW               ,,,
,,,,,,442 Glenoak Dr                ,,,
,,,,,,9507 WAHADA                   ,,,
,,,,,,7714 Bonito Park              ,,,
,,,,,,606 Hortencia St              ,,,
,,,,,,1211 Gladstone St             ,,,
,,,,,,606 Hortencia St              ,,,
,,,,,,811 E Elmira St               ,,,
,,,,,,914 W Formosa Blvd            ,,,
,,,,,,1515 Gladstone St             ,,,
,,,,,,7142 SHADY ELMS               ,,,
,,,,,,702 Elkhorn Dr                ,,,
,,,,,,7411 Garden Grove             ,,,
,,,,,,259 N Park Blvd               ,,,
,,,,,,5802 Lake Placid              ,,,
,,,,,,8423 Oak Fence                ,,,
,,,,,,8921 Maverick Draw            ,,,
,,,,,,Laven Dr / Grovehill Dr       ,,,
,,,,,,5600-5699 Rio Pecos           ,,,
,,,,,,S Flores St / W Sayers Ave    ,,,
,,,,,,115 E Lambert                 ,,,
,,,,,,4207 Goshen Pass              ,,,
,,,,,,19911 Horizon Way             ,,,
,,,,,,547 RICE RD                   ,,,
,,,,,,4910 Sierra Madre             ,,,
,,,,,,160 Pioneer Rd                ,,,
,,,,,,4707 Creekmoor Dr             ,,,
,,,,,,411 Monticello Ct             ,,,
,,,,,,1018-1049 Sw 40th St          ,,,
,,,,,,442 Glenoak Dr                ,,,
,,,,,,6826 Tallahasse               ,,,
,,,,,,1700 S Hamilton Ave           ,,,
,,,,,,3122 W Houston St             ,,,
,,,,,,7302 Oswego Dr                ,,,
,,,,,,4331 Sunnyvale Ln             ,,,
,,,,,,606 N San Eduardo             ,,,
,,,,,,203 Hallie Pass               ,,,
,,,,,,5423 Congo Ln                 ,,,
,,,,,,719 W Hutchins Place          ,,,
,,,,,,3907 BREMEN AVE               ,,,
,,,,,,147 Olympia                   ,,,
,,,,,,115 Chase Alley               ,,,
,,,,,,424 Utopia Ln                 ,,,
,,,,,,814 Hermine Blvd              ,,,
,,,,,,6231 Colony Crk               ,,,
,,,,,,735 Cavalier Ave              ,,,
,,,,,,5834 Sandy Valley Dr          ,,,
,,,,,,323 Rice Rd                   ,,,
,,,,,,5131 HAYDEN DR                ,,,
,,,,,,2502 BUENA VISTA ST           ,,,
,,,,,,125 Weaver St                 ,,,
,,,,,,7719 CARTWHEEL LN             ,,,
,,,,,,2922-2999 Shane Rd            ,,,
,,,,,,602 N General Mcmullen        ,,,
,,,,,,1314 Wagner Ave               ,,,
,,,,,,2718 Pecan Valley Dr          ,,,
,,,,,,323 Jeanette Dr               ,,,
,,,,,,703 Fitch St                  ,,,
,,,,,,8610 Garnett Ave              ,,,
,,,,,,335 INEZ AVE                  ,,,
,,,,,,1914 Harpers Ferry            ,,,
,,,,,,222 Cottonwood Ave            ,,,
,,,,,,411 Chalmers Ave              ,,,
,,,,,,6042 Crab Orchard             ,,,
,,,,,,1144 Vanderbilt               ,,,
,,,,,,2118 Border Mill Dr           ,,,
,,,,,,59 Fonthill Way               ,,,
,,,,,,6739 Freedom Hills            ,,,
,,,,,,1204 Loma Vista St            ,,,
,,,,,,609 Torreon                   ,,,
,,,,,,21219 Harvest Hills           ,,,
,,,,,,1102 Donaldson Ave            ,,,
,,,,,,5714 W Cesar Chavez Blvd      ,,,
,,,,,,122 Sun                       ,,,
,,,,,,2324 Dan Ct                   ,,,
,,,,,,3427 Gateway                  ,,,
,,,,,,6435 Lionheart Park           ,,,
,,,,,,814 Springvale Dr             ,,,
,,,,,,442 Glenoak Dr                ,,,
,,,,,,644 W ELMIRA ST               ,,,
,,,,,,1162 STONEWALL AVE            ,,,
,,,,,,106 Neal Ave                  ,,,
,,,,,,422 Offer                     ,,,
,,,,,,421 Rayburn Dr                ,,,
,,,,,,219 Milford Dr                ,,,
,,,,,,3526 Hunters Gate             ,,,
,,,,,,201 Belden Ave                ,,,
,,,,,,1118 S SAN MARCOS             ,,,
,,,,,,1312 W Mariposa               ,,,
,,,,,,309 Cooper St                 ,,,
,,,,,,323 Cable Dr                  ,,,
,,,,,,5703 Spring Moon              ,,,
,,,,,,19510 Encino Knoll            ,,,
,,,,,,1008 SAN ANGELO BLVD,,,
,,,,,,5914 PINEWAY ST               ,,,
,,,,,,103 IRVINGTON DR              ,,,
,,,,,,418 E Hathaway Dr             ,,,
,,,,,,651 Kendalia Ave              ,,,
,,,,,,13011 Balbach Forest          ,,,
,,,,,,5806 Saints Passage           ,,,
,,,,,,6122 Spring Time Dr           ,,,
,,,,,,14318 Parkhurst               ,,,
,,,,,,720 Fabulous                  ,,,
,,,,,,1611 Moortown Dr              ,,,
,,,,,,5002 Village Lawn             ,,,
,,,,,,1337 W Gerald Ave             ,,,
,,,,,,319 ASHLAND DR                ,,,
,,,,,,419 W Midcrest                ,,,
,,,,,,7819 Artesian Farm            ,,,
,,,,,,5551 COPPERHEAD LN            ,,,
,,,,,,623 Fay Ave                   ,,,
,,,,,,N Cibolo St / W Houston St    ,,,
,,,,,,210 FOREST VALLEY             ,,,
,,,,,,209 Hale                      ,,,
,,,,,,710 MARSHALL ST               ,,,
,,,,,,4323 Southton Way             ,,,
,,,,,,3618 Du Barry                 ,,,
,,,,,,612 Royston Ave               ,,,
,,,,,,166 Esmeralda Dr              ,,,
,,,,,,511 Pennystone Ave            ,,,
,,,,,,6834 DOMINIC VALLEY           ,,,
,,,,,,2935 Kentucky Oaks            ,,,
,,,,,,919 Hickory Trl               ,,,
,,,,,,220 Dalehurst Dr              ,,,
,,,,,,7526 Sleepy Valley            ,,,
,,,,,,615 FRANK AVE                 ,,,
,,,,,,12131 Stoney Summit           ,,,
,,,,,,800 W RUSSELL PLACE           ,,,
,,,,,,1847 Dawson St                ,,,
,,,,,,5726 Timber Bend              ,,,
,,,,,,435 Parland Place             ,,,
,,,,,,1322 Edison Dr                ,,,
,,,,,,610 WEINBERG                  ,,,
,,,,,,13811 STATE HWY 16 S          ,,,
,,,,,,122 Aztec Alley               ,,,
,,,,,,414 Canton St                 ,,,
,,,,,,231 Harrow Dr                 ,,,
,,,,,,1218 Klondike Dr              ,,,
,,,,,,7450 Fieldgate                ,,,
,,,,,,235 Savannah Dr               ,,,
,,,,,,1330 STETSON GREEN            ,,,
,,,,,,421 Rayburn Dr                ,,,
,,,,,,1446 W Harlan Ave             ,,,
,,,,,,2735 Roselawn                 ,,,
,,,,,,9207 Centro Bonito            ,,,
,,,,,,1437 Romero                   ,,,
,,,,,,147 FAIR AVE                  ,,,
,,,,,,208 GOODWIN                   ,,,
,,,,,,208 Goodwin                   ,,,
,,,,,,3419 W COMMERCE ST            ,,,
,,,,,,5343 EL PASO ST               ,,,
,,,,,,5931 PADDOCK DR               ,,,
,,,,,,7910 Calvary Stage            ,,,
,,,,,,1726 Forest Spg               ,,,
,,,,,,231 Sharon Dr                 ,,,
,,,,,,2007 Jolie Blossom            ,,,
,,,,,,2031 HARNESS LN               ,,,
,,,,,,4242 Nogales St               ,,,
,,,,,,1419 Lamar St                 ,,,
,,,,,,227 WESTFALL AVE              ,,,
,,,,,,2432 POTOSI ST                ,,,
,,,,,,4343 E SOUTHCROSS BLVD        ,,,
,,,,,,2721 Colima St                ,,,
,,,,,,126 Crofton                   ,,,
,,,,,,9535 Mulberry Path            ,,,
,,,,,,307 Linden Ave                ,,,
,,,,,,4915 Pelican Ln               ,,,
,,,,,,306 Adolph                    ,,,
,,,,,,1901 Nolan St                 ,,,
,,,,,,6014 Saints Arc Dr            ,,,
,,,,,,139 Surrey Ave                ,,,
,,,,,,515 S Calaveras               ,,,
,,,,,,246 Cavalier Ave              ,,,
,,,,,,215 CLIFFWOOD DR              ,,,
,,,,,,9038 Callaghan Rd             ,,,
,,,,,,4818 Parmenter Dr             ,,,
,,,,,,706 W Harlan Ave              ,,,
,,,,,,2846 Lakehills                ,,,
,,,,,,619 Meerscheidt St            ,,,
,,,,,,310 Rayburn Dr                ,,,
,,,,,,600-699 S OLIVE ST            ,,,
,,,,,,447 Dresden Dr                ,,,
,,,,,,231 Broadbent Ave             ,,,
,,,,,,715 Menchaca St               ,,,
,,,,,,7322 Rigel Bay                ,,,
,,,,,,10410 Cedar Village           ,,,
,,,,,,3519 ROSITA WAY               ,,,
,,,,,,539 Cicero Ave                ,,,
,,,,,,203 Chicago Blvd              ,,,
,,,,,,159 Gayle Ave                 ,,,
,,,,,,5031 Blessing St              ,,,
,,,,,,6618 S ZARZAMORA ST           ,,,
,,,,,,243 Hazel St                  ,,,
,,,,,,3735 Algo Dulce               ,,,
,,,,,,442 PACE ST                   ,,,
,,,,,,334 Las Palmas Dr             ,,,
,,,,,,4527 TAYLORS BEND             ,,,
,,,,,,207 W Lubbock St              ,,,
,,,,,,1711 BURLESON ST              ,,,
,,,,,,138 Avant Ave                 ,,,
,,,,,,205 HEARNE                    ,,,
,,,,,,843 Rockwell Blvd             ,,,
,,,,,,516 W Mayfield Blvd           ,,,
,,,,,,434 Yukon Blvd                ,,,
,,,,,,315 W Huisache Ave            ,,,
,,,,,,6229 Valley Castle            ,,,
,,,,,,1727 Red Leaf Dr              ,,,
,,,,,,5742 Spring Sunshine          ,,,
,,,,,,149 Arlington Ct              ,,,
,,,,,,222 SONORA ST                 ,,,
,,,,,,6015 Hollyhock Rd             ,,,
,,,,,,16618 Crystal Glade           ,,,
,,,,,,1103 Monterey St              ,,,
,,,,,,5115 Village Court Dr         ,,,
,,,,,,4039 Mt Laurel Dr             ,,,
,,,,,,517 Stieren                   ,,,
,,,,,,9318 Caen                     ,,,
,,,,,,10351 Manor Crk               ,,,
,,,,,,2942 Wishing Lake             ,,,
,,,,,,606 Deely Place               ,,,
,,,,,,239 Northill Dr               ,,,
,,,,,,7823 LANDING AVE              ,,,
,,,,,,1446 Bluff Forest             ,,,
,,,,,,3431 Oakdale                  ,,,
,,,,,,5731 Sun Canyon Dr            ,,,
,,,,,,238 DORA ST                   ,,,
,,,,,,8622 Cross Spg                ,,,
,,,,,,334 Hammond Ave               ,,,
,,,,,,7651 Aspen Park Dr            ,,,
,,,,,,7135 Timbercreek Dr           ,,,
,,,,,,4026 Bretton Rdg              ,,,
,,,,,,1823 Perez St                 ,,,
,,,,,,701 E Harlan Ave              ,,,
,,,,,,986 Sw 40th St                ,,,
,,,,,,237 E Young Ave               ,,,
,,,,,,4635 Hollyspring Dr           ,,,
,,,,,,942 Keats Ave                 ,,,
,,,,,,117 Koehler Ct                ,,,
,,,,,,6806 Brookport                ,,,
,,,,,,2328 S BRAZOS ST              ,,,
,,,,,,5623 Spring Night             ,,,
,,,,,,1203 Linden Ave               ,,,
,,,,,,1028 MENCHACA ST              ,,,
,,,,,,2022 S Zarzamora St           ,,,
,,,,,,142 Kinder                    ,,,
,,,,,,7110 Shady Grove Dr           ,,,
,,,,,,331 Elmhurst Ave              ,,,
,,,,,,2602 Cincinnati Ave           ,,,
,,,,,,5700 S Horseshoe Bend         ,,,
,,,,,,4234 SUNRISE COVE DR          ,,,
,,,,,,318 Burlington                ,,,
,,,,,,2610 Lakebriar                ,,,
,,,,,,359 Astoria Dr                ,,,
,,,,,,818 W Formosa Blvd            ,,,
,,,,,,167 Carousel                  ,,,
,,,,,,242 HUMBOLDT ST               ,,,
,,,,,,311 Esma                      ,,,
,,,,,,5818 MIDCROWN DR E            ,,,
,,,,,,1415 VIEWRIDGE DR             ,,,
,,,,,,11106 Christus Hills          ,,,
,,,,,,946 W Theo Ave                ,,,
,,,,,,204 E Huisache Ave            ,,,
,,,,,,838 Barrett Place             ,,,
,,,,,,3910 Heights Way              ,,,
,,,,,,316 FROST ST                  ,,,
,,,,,,6822 Tallahasse               ,,,
,,,,,,137 BRIGGS AVE                ,,,
,,,,,,803 PALO ALTO RD              ,,,
,,,,,,9530 Espada Rd                ,,,
,,,,,,100-199 Stafford              ,,,
,,,,,,1631 PROBANDT ST              ,,,
,,,,,,618 CUMBERLAND BLVD           ,,,
,,,,,,1337 Westfall Ave             ,,,
,,,,,,5903 Danny Kaye Dr            ,,,
,,,,,,312 Sharer                    ,,,
,,,,,,707 RUNNELS AVE               ,,,
,,,,,,623 Royston Ave               ,,,
,,,,,,11700 Tall Tree               ,,,
,,,,,,8722 LARKIA LN                ,,,
,,,,,,906 Wyoming St                ,,,
,,,,,,135 Woodside Dr               ,,,
,,,,,,2937 Tampico St               ,,,
,,,,,,9226 Johnny Reb Dr            ,,,
,,,,,,6454 Lake Superior            ,,,
,,,,,,735 Sw 38th St                ,,,
,,,,,,631 W Kings Hwy               ,,,
,,,,,,20026 Encino Rdg              ,,,
,,,,,,614 Lincolnshire Dr           ,,,
,,,,,,3218 TILLIE DR                ,,,
,,,,,,5807 Piedmont Glen            ,,,
,,,,,,5518 Culebra Rd               ,,,
,,,,,,1107 W RIDGEWOOD CT           ,,,
,,,,,,9257 Somerset Rd              ,,,
,,,,,,4122 CHANDLER RD              ,,,
,,,,,,339 MC DOUGAL AVE             ,,,
,,,,,,115 Tipperary                 ,,,
,,,,,,225 ANGELA ST                 ,,,
,,,,,,11130 Cherry Park Dr          ,,,
,,,,,,2802 LAKE ARBOR               ,,,
,,,,,,200 Vine St                   ,,,
,,,,,,6803 Brookvale Dr             ,,,
,,,,,,1743 Steves Ave               ,,,
,,,,,,9115 Port Victoria            ,,,
,,,,,,1716 San Patricio             ,,,
,,,,,,1122 W Summit Ave             ,,,
,,,,,,12703 Old Wick Rd             ,,,
,,,,,,12 CHAMPION TRL               ,,,
,,,,,,232 Prestwick Blvd            ,,,
,,,,,,240 Prestwick Blvd            ,,,
,,,,,,240 Prestwick Blvd            ,,,
,,,,,,230 CASSIANO ST               ,,,
,,,,,,1111 Lovera Blvd              ,,,
,,,,,,3838 Lockhill-selma Rd        ,,,
,,,,,,634 El Monte Blvd             ,,,
,,,,,,12614 La Noche                ,,,
,,,,,,331 Cooper St                 ,,,
,,,,,,1918 LAMAR ST                 ,,,
,,,,,,7235 Still Brook Dr           ,,,
,,,,,,2610 CHRISTIAN DR             ,,,
,,,,,,2107 Palo Alto Rd             ,,,
,,,,,,210 BROOKLYN AVE              ,,,
,,,,,,7014 Elusive Pass             ,,,
,,,,,,1613 N Olive St               ,,,
,,,,,,6711 Biscay Harbor            ,,,
,,,,,,615 S Chupaderas              ,,,
,,,,,,126 Kontiki Place             ,,,
